policy,status,n_queries,mean_utility,mean_utility_ci_low,mean_utility_ci_high,mean_net_utility,mean_net_utility_ci_low,mean_net_utility_ci_high,mean_quality,mean_model_cost,mean_probe_cost_proxy,fraction_probed,mean_oracle_regret,observability_gap_closed,observability_gap_closed_ci_low,observability_gap_closed_ci_high,mean_latency_sec,notes
never_probe,executed,41,0.8536585365853658,0.7560975609756098,0.9512195121951219,0.8536585365853658,0.7317073170731707,0.9512195121951219,,,0.0,0.0,0.07317073170731707,0.0,-1.6666666666666652,1.333333333333332,0.0,Routed through state belief and state-model utility.
always_probe,executed,41,0.8536585365853658,0.7189024390243904,0.9512195121951219,0.6080661429512432,0.4760526432482146,0.7134327005945279,,,0.24559239363412275,1.0,0.3187631253414399,-3.35642937966634,-5.160613875607729,-1.91641975854145,0.0,Routed through state belief and state-model utility.
entropy_threshold,executed,41,0.8536585365853658,0.7560975609756098,0.9512195121951219,0.7443430734146328,0.6010882733542857,0.8630429661109603,,,0.10931546317073305,0.4146341463414634,0.18248619487805015,-1.4939779966666835,-3.451793597491425,0.1282538701831245,0.0,Routed through state belief and state-model utility.
margin_threshold,executed,41,0.8536585365853658,0.7560975609756098,0.9512195121951219,0.8333903991463496,0.7083149247408682,0.921954925892693,,,0.020268137439016287,0.0975609756097561,0.09343886914633336,-0.2769978783332216,-1.9863626952081324,0.9333839872001373,0.0,Routed through state belief and state-model utility.
voi_probe,executed,41,0.8536585365853658,0.7432926829268295,0.9512195121951219,0.8536585365853658,0.7317073170731707,0.9512195121951219,,,0.0,0.0,0.07317073170731707,0.0,-1.6666666666666652,1.333333333333332,0.0,Routed through state belief and state-model utility.
oracle_probe,executed,41,0.8536585365853658,0.7560975609756098,0.9512195121951219,0.8536585365853658,0.7317073170731707,0.9512195121951219,,,0.0,0.0,0.07317073170731707,0.0,-1.6666666666666652,1.333333333333332,0.0,Routed through state belief and state-model utility.
