method,n_queries,mean_quality,mean_utility,quality_oracle_mean_quality,cost_oracle_mean_utility,quality_gap_to_oracle,utility_gap_to_oracle,oracle_utility_ratio,remote_cost_total_usd,frontier_call_rate,probe_call_rate,mean_latency_s,p95_latency_s
all_gpt-5.5,15,0.26666666666666666,-0.08333333333333327,0.26666666666666666,-0.08333333333333327,0.0,0.0,1.0,0.1336,1.0,0.0,6.178059768676758,11.06425142288208
best_frontier,15,0.26666666666666666,-0.08333333333333327,0.26666666666666666,-0.08333333333333327,0.0,0.0,1.0,0.1336,1.0,0.0,6.178059768676758,11.06425142288208
quality_oracle,15,0.26666666666666666,-0.08333333333333327,0.26666666666666666,-0.08333333333333327,0.0,0.0,1.0,0.1336,1.0,0.0,6.178059768676758,11.06425142288208
cost_aware_oracle,15,0.26666666666666666,-0.08333333333333327,0.26666666666666666,-0.08333333333333327,0.0,0.0,1.0,0.1336,1.0,0.0,6.178059768676758,11.06425142288208
