top_fraction,n_queries,top_regret,total_regret,regret_mass_fraction
0.05,141,141.0,881.0,0.16004540295119182
0.1,281,281.0,881.0,0.318955732122588
0.2,562,562.0,881.0,0.637911464245176
