group_method,deployability,n_cells,weighted_abs_utility_estimation_error,weighted_abs_quality_estimation_error,median_abs_utility_estimation_error,mean_train_queries_per_cell,mean_test_queries_per_cell
utility_cluster_k8_diagnostic,diagnostic_uses_hidden_utility_vectors,72,0.046647709609028476,0.041280346568596735,0.02328189169858441,61.5,21.25
routecode_state_k8,learned_probe_state,54,0.07094286139569839,0.06440790660638979,0.052307692307692305,82.14814814814815,28.62962962962963
calibration_aware_routecode_state_k8,learned_probe_state_plus_observable_bits,99,0.08080469591042022,0.07278487146627742,0.05731922398589065,44.44444444444444,15.616161616161616
random_k8,random_baseline,72,0.08988470968233561,0.08201447679797942,0.07204949777053385,63.81944444444444,21.47222222222222
benchmark_label,diagnostic_label,81,0.09932655167595013,0.09162458103375531,0.08163606822061398,56.72839506172839,19.08641975308642
text_cluster_k8,train_fit_text_cluster,71,0.11439117217861101,0.1050412177056243,0.09824561403508769,64.71830985915493,21.760563380281692
