policy,status,n_queries,mean_utility,mean_utility_ci_low,mean_utility_ci_high,mean_net_utility,mean_net_utility_ci_low,mean_net_utility_ci_high,mean_quality,mean_model_cost,mean_probe_cost_proxy,fraction_probed,mean_oracle_regret,observability_gap_closed,observability_gap_closed_ci_low,observability_gap_closed_ci_high,mean_latency_sec,notes
never_probe,executed,41,0.8536585365853658,0.7560975609756098,0.9512195121951219,0.8536585365853658,0.7317073170731707,0.9512195121951219,,,0.0,0.0,0.07317073170731707,0.0,-1.6666666666666652,1.333333333333332,0.0,Routed through state belief and state-model utility.
always_probe,executed,41,0.8536585365853658,0.7189024390243904,0.9512195121951219,0.7726966449511858,0.6528773574383931,0.8715690193609497,,,0.08096189163418004,1.0,0.1541326233414971,-1.1064791856671257,-2.7440094483419575,0.24477659793297873,0.0,Routed through state belief and state-model utility.
entropy_threshold,executed,41,0.8536585365853658,0.7560975609756098,0.9512195121951219,0.8205820923414381,0.7003127470530417,0.9218760977579119,,,0.033076444243927666,0.4146341463414634,0.10624717595124475,-0.4520447380003455,-2.0957257902750945,0.9323066693581288,0.0,Routed through state belief and state-model utility.
margin_threshold,executed,41,0.8536585365853658,0.7560975609756098,0.9512195121951219,0.8464123935121793,0.7241288889792504,0.9415844242158301,,,0.007246143073186583,0.0975609756097561,0.08041687478050366,-0.09903062200021534,-1.7702385172835757,1.201653797616344,0.0,Routed through state belief and state-model utility.
voi_probe,executed,41,0.8536585365853658,0.7432926829268295,0.9512195121951219,0.8536585365853658,0.7317073170731707,0.9512195121951219,,,0.0,0.0,0.07317073170731707,0.0,-1.6666666666666652,1.333333333333332,0.0,Routed through state belief and state-model utility.
oracle_probe,executed,41,0.8536585365853658,0.7560975609756098,0.9512195121951219,0.8536585365853658,0.7317073170731707,0.9512195121951219,,,0.0,0.0,0.07317073170731707,0.0,-1.6666666666666652,1.333333333333332,0.0,Routed through state belief and state-model utility.
