split,budget,selected_active_acquisition,active_mean_utility,uniform_mean_utility,random_mean_utility,direct_mean_utility,best_competitor_mean_utility,active_minus_best_competitor,active_mean_quality,uniform_mean_quality,random_mean_quality,direct_mean_quality,active_new_model_selection_rate,uniform_new_model_selection_rate,random_new_model_selection_rate,direct_new_model_selection_rate
test,20,pilot_gain_active,0.5429298155682379,0.5335622721731396,0.5344701930544844,0.5438471999920104,0.5438471999920104,-0.0009173844237724271,0.625968992248062,0.6356589147286821,0.6075581395348837,0.5794573643410853,0.13468992248062014,0.22189922480620158,0.2771317829457364,0.15310077519379847
test,40,pilot_gain_active,0.5627321460337803,0.5510313685538386,0.5440927990694086,0.5459679807952968,0.5510313685538386,0.011700777479941693,0.6453488372093024,0.6298449612403101,0.6182170542635659,0.5804263565891473,0.1569767441860465,0.1385658914728682,0.18992248062015504,0.22286821705426355
test,80,pilot_gain_active,0.5627321460337803,0.5627321460337803,0.5529327455407833,0.5540891173194712,0.5627321460337803,0.0,0.6453488372093024,0.6453488372093024,0.6366279069767442,0.5998062015503877,0.1569767441860465,0.1569767441860465,0.17248062015503876,0.22480620155038758
test,160,pilot_gain_active,0.5627321460337803,0.5627321460337803,0.5580871053009325,0.5555370304050551,0.5627321460337803,0.0,0.6453488372093024,0.6453488372093024,0.6405038759689923,0.5765503875968992,0.1569767441860465,0.1569767441860465,0.1385658914728682,0.19864341085271317
test,320,traffic_active,0.5627321460337803,0.5627321460337803,0.5627321460337803,0.5614777139126353,0.5627321460337803,0.0,0.6453488372093024,0.6453488372093024,0.6453488372093024,0.5881782945736435,0.1569767441860465,0.1569767441860465,0.1569767441860465,0.19476744186046513
