split,budget,selected_active_acquisition,active_mean_utility,uniform_mean_utility,random_mean_utility,direct_mean_utility,best_competitor_mean_utility,active_minus_best_competitor,active_mean_quality,uniform_mean_quality,random_mean_quality,direct_mean_quality,active_new_model_selection_rate,uniform_new_model_selection_rate,random_new_model_selection_rate,direct_new_model_selection_rate
validation,20,pilot_gain_active,0.5950051174328909,0.5915311106001201,0.5696305927516802,0.5782738457694908,0.5915311106001201,0.0034740068327707707,0.6822916666666666,0.6904578189300411,0.6470679012345679,0.6143790849673203,0.15104166666666666,0.1897633744855967,0.25887345679012347,0.17538126361655773
validation,40,pilot_gain_active,0.6114401920438128,0.5996272799581576,0.581424583011711,0.5713373991309664,0.5996272799581576,0.01181291208565527,0.6999999999999998,0.6797582304526749,0.6621913580246913,0.6141102905808788,0.18125000000000002,0.1388888888888889,0.2005272633744856,0.24668958492487902
validation,80,pilot_gain_active,0.6114401920438128,0.6114401920438128,0.5999880908511755,0.5904768641891841,0.6114401920438128,0.0,0.6999999999999998,0.6999999999999998,0.6882716049382717,0.6416122004357299,0.18125000000000002,0.18125000000000002,0.17685185185185184,0.19389978213507628
validation,160,pilot_gain_active,0.6114401920438128,0.6114401920438128,0.6090963616745192,0.5920059282884268,0.6114401920438128,0.0,0.6999999999999998,0.6999999999999998,0.6968749999999999,0.6198257080610022,0.18125000000000002,0.18125000000000002,0.15833333333333335,0.18627450980392157
validation,320,traffic_active,0.6114401920438128,0.6114401920438128,0.6114401920438128,0.5928587336523672,0.6114401920438128,0.0,0.6999999999999998,0.6999999999999998,0.6999999999999998,0.6285403050108932,0.18125000000000002,0.18125000000000002,0.18125000000000002,0.18082788671023964
