method,n_queries,mean_quality,mean_utility,quality_oracle_mean_quality,cost_oracle_mean_utility,quality_gap_to_oracle,utility_gap_to_oracle,oracle_utility_ratio,remote_cost_total_usd,frontier_call_rate,probe_call_rate,mean_latency_s,p95_latency_s
all_gpt-5.5,15,0.7333333333333333,0.38333333333333336,0.7333333333333333,0.38333333333333336,0.0,0.0,1.0,0.1336,1.0,0.0,6.1778842608133955,11.06407835483551
best_frontier,15,0.7333333333333333,0.38333333333333336,0.7333333333333333,0.38333333333333336,0.0,0.0,1.0,0.1336,1.0,0.0,6.1778842608133955,11.06407835483551
quality_oracle,15,0.7333333333333333,0.38333333333333336,0.7333333333333333,0.38333333333333336,0.0,0.0,1.0,0.1336,1.0,0.0,6.1778842608133955,11.06407835483551
cost_aware_oracle,15,0.7333333333333333,0.38333333333333336,0.7333333333333333,0.38333333333333336,0.0,0.0,1.0,0.1336,1.0,0.0,6.1778842608133955,11.06407835483551
