method,n_queries,mean_quality,mean_utility,quality_oracle_mean_quality,cost_oracle_mean_utility,quality_gap_to_oracle,utility_gap_to_oracle,oracle_utility_ratio,remote_cost_total_usd,frontier_call_rate,probe_call_rate,mean_latency_s,p95_latency_s
quality_oracle,15,0.7333333333333333,0.580313123752495,0.7333333333333333,0.580313123752495,0.0,0.0,1.0,0.058410000000000004,0.6666666666666666,0.0,3.15645276705424,8.537999153137205
cost_aware_oracle,15,0.7333333333333333,0.580313123752495,0.7333333333333333,0.580313123752495,0.0,0.0,1.0,0.058410000000000004,0.6666666666666666,0.0,3.15645276705424,8.537999153137205
all_gpt-5.5,15,0.7333333333333333,0.38333333333333336,0.7333333333333333,0.580313123752495,0.0,0.19697979041916164,0.6605629230898215,0.1336,1.0,0.0,6.177884244918824,11.064078283309936
best_frontier,15,0.7333333333333333,0.38333333333333336,0.7333333333333333,0.580313123752495,0.0,0.19697979041916164,0.6605629230898215,0.1336,1.0,0.0,6.177884244918824,11.064078283309936
all_qwen3-0.6b-probe,15,0.06666666666666667,0.06666666666666667,0.7333333333333333,0.580313123752495,0.6666666666666666,0.5136464570858283,0.1148805083634472,0.0,0.0,0.0,0.8462990283966064,1.6030544996261598
best_local,15,0.06666666666666667,0.06666666666666667,0.7333333333333333,0.580313123752495,0.6666666666666666,0.5136464570858283,0.1148805083634472,0.0,0.0,0.0,0.8462990283966064,1.6030544996261598
domain_rule_code_to_gpt_else_local,15,0.06666666666666667,0.06666666666666667,0.7333333333333333,0.580313123752495,0.6666666666666666,0.5136464570858283,0.1148805083634472,0.0,0.0,0.0,0.8462990283966064,1.6030544996261598
local_consistency_rescue_gpt,15,0.06666666666666667,0.06666666666666667,0.7333333333333333,0.580313123752495,0.6666666666666666,0.5136464570858283,0.1148805083634472,0.0,0.0,0.0,0.8462990283966064,1.6030544996261598
selective_code_consistency_rescue_gpt,15,0.06666666666666667,0.06666666666666667,0.7333333333333333,0.580313123752495,0.6666666666666666,0.5136464570858283,0.1148805083634472,0.0,0.0,0.0,0.8462990283966064,1.6030544996261598
