state_label,/home/liush/.cache/huggingface/hub/models--Qwen--Qwen3-4B/snapshots/1cfa9a7208912126459214e8b04321603b3df60c
z0,0.08
z1,0.1180952380952381
z2,0.1180952380952381
z3,0.3333333333333333
z4,0.1428571428571428
z5,0.1428571428571428
z6,0.1180952380952381
z7,0.0
z8,0.0
z9,0.125
z10,0.0
z11,0.225
z12,0.1180952380952381
z13,0.25
z14,0.1180952380952381
z15,0.0
