state_label,/home/liush/.cache/huggingface/hub/models--Qwen--Qwen3-4B/snapshots/1cfa9a7208912126459214e8b04321603b3df60c
z0,0.07354559483998427
z1,0.07162851573663227
z2,0.07162851573663227
z3,0.06033052366668926
z4,0.071606064142862
z5,0.06724328642856771
z6,0.07162851573663227
z7,0.07529764300007447
z8,0.08501122699977713
z9,0.08829031749996634
z10,0.07249396519994698
z11,0.07485373507500345
z12,0.07162851573663227
z13,0.06453212525013988
z14,0.07162851573663227
z15,0.05470919099994353
