method,n_queries,mean_quality,mean_utility,quality_oracle_mean_quality,cost_oracle_mean_utility,quality_gap_to_oracle,utility_gap_to_oracle,oracle_utility_ratio,remote_cost_total_usd,frontier_call_rate,probe_call_rate,mean_latency_s,p95_latency_s
quality_oracle,15,0.7333333333333333,0.5493868512974053,0.7333333333333333,0.5493868512974053,0.0,0.0,1.0,0.070215,0.7333333333333333,0.0,3.8835982004801433,8.537999224662778
cost_aware_oracle,15,0.7333333333333333,0.5493868512974053,0.7333333333333333,0.5493868512974053,0.0,0.0,1.0,0.070215,0.7333333333333333,0.0,3.8835982004801433,8.537999224662778
all_gpt-5.5,15,0.7333333333333333,0.38333333333333336,0.7333333333333333,0.5493868512974053,0.0,0.16605351796407192,0.6977475569866152,0.1336,1.0,0.0,6.177884292602539,11.06407835483551
best_frontier,15,0.7333333333333333,0.38333333333333336,0.7333333333333333,0.5493868512974053,0.0,0.16605351796407192,0.6977475569866152,0.1336,1.0,0.0,6.177884292602539,11.06407835483551
all_qwen3-4b-local,15,0.0,0.0,0.7333333333333333,0.5493868512974053,0.7333333333333333,0.5493868512974053,0.0,0.0,0.0,0.0,1.664428472518921,2.118281602859496
best_local,15,0.0,0.0,0.7333333333333333,0.5493868512974053,0.7333333333333333,0.5493868512974053,0.0,0.0,0.0,0.0,1.664428472518921,2.118281602859496
domain_rule_code_to_gpt_else_local,15,0.0,0.0,0.7333333333333333,0.5493868512974053,0.7333333333333333,0.5493868512974053,0.0,0.0,0.0,0.0,1.664428472518921,2.118281602859496
local_consistency_rescue_gpt,15,0.0,0.0,0.7333333333333333,0.5493868512974053,0.7333333333333333,0.5493868512974053,0.0,0.0,0.0,0.0,1.664428472518921,2.118281602859496
selective_code_consistency_rescue_gpt,15,0.0,0.0,0.7333333333333333,0.5493868512974053,0.7333333333333333,0.5493868512974053,0.0,0.0,0.0,0.0,1.664428472518921,2.118281602859496
