policy,status,n_queries,mean_utility,mean_utility_ci_low,mean_utility_ci_high,mean_net_utility,mean_net_utility_ci_low,mean_net_utility_ci_high,mean_quality,mean_model_cost,mean_probe_cost_proxy,fraction_probed,mean_oracle_regret,observability_gap_closed,observability_gap_closed_ci_low,observability_gap_closed_ci_high,mean_latency_sec,notes
never_probe,executed,41,0.8536585365853658,0.7560975609756098,0.9512195121951219,0.8536585365853658,0.7317073170731707,0.9512195121951219,,,0.0,0.0,0.07317073170731707,0.0,-1.6666666666666652,1.333333333333332,0.0,Routed through state belief and state-model utility.
always_probe,executed,41,0.8536585365853658,0.7189024390243904,0.9512195121951219,-0.058986700024417124,-0.2600197776549063,0.10168371490118625,,,0.912645236609783,1.0,0.9858159683171,-12.472818233667022,-15.22027029461704,-10.276989229683778,0.0,Routed through state belief and state-model utility.
entropy_threshold,executed,41,0.8536585365853658,0.7560975609756098,0.9512195121951219,0.4615888806585243,0.17464421427498183,0.6573474002451218,,,0.39206965592684156,0.4146341463414634,0.4652403876341586,-5.358285297666829,-9.279862404908572,-2.6829188633166656,0.0,Routed through state belief and state-model utility.
margin_threshold,executed,41,0.8536585365853658,0.7560975609756098,0.9512195121951219,0.7778187751219521,0.6611170905798732,0.8814273868810995,,,0.0758397614634138,0.0975609756097561,0.14901049317073087,-1.036476739999987,-2.6313997620750635,0.3795076207083591,0.0,Routed through state belief and state-model utility.
voi_probe,executed,41,0.8536585365853658,0.7432926829268295,0.9512195121951219,0.8536585365853658,0.7317073170731707,0.9512195121951219,,,0.0,0.0,0.07317073170731707,0.0,-1.6666666666666652,1.333333333333332,0.0,Routed through state belief and state-model utility.
oracle_probe,executed,41,0.8536585365853658,0.7560975609756098,0.9512195121951219,0.8536585365853658,0.7317073170731707,0.9512195121951219,,,0.0,0.0,0.07317073170731707,0.0,-1.6666666666666652,1.333333333333332,0.0,Routed through state belief and state-model utility.
